step,type,amount,oldbalanceOrg,newbalanceOrig,oldbalanceDest,newbalanceDest,isFraud,isFlaggedFraud
103,CASH_OUT,6175.92,4165.68,0.0,58503.29,64679.21,0,0
436,CASH_OUT,23963.88,39764.76,15800.880000000001,66441.11,90404.99,0,0
271,TRANSFER,25354.77,76230.9,50876.12999999999,58755.18,84109.95,0,0
107,TRANSFER,11704.31,45491.89,33787.58,8299.83,20004.14,0,0
72,CASH_OUT,4090.27,26725.26,22634.989999999998,127418.94,131509.21,0,0
701,TRANSFER,38858.51,21980.53,0.0,119458.48,158316.99,1,0
21,TRANSFER,6189.55,13151.83,6962.28,130676.7,136866.25,0,0
615,TRANSFER,29755.11,85712.96,55957.850000000006,38461.98,68217.09,0,0
122,TRANSFER,46828.81,57535.54,10706.730000000003,59130.91,105959.72,1,0
467,TRANSFER,43817.65,7638.49,0.0,123923.19,167740.84,1,0
215,TRANSFER,13959.86,38258.03,24298.17,119925.51,133885.37,0,0
331,TRANSFER,42587.29,36773.37,0.0,101266.06,143853.35,1,0
459,CASH_OUT,116.59,18173.92,18057.329999999998,70082.65,70199.23999999999,0,0
88,TRANSFER,982.62,43550.76,42568.14,182586.2,183568.82,0,0
373,TRANSFER,30167.4,33209.94,3042.540000000001,67954.05,98121.45000000001,1,0
100,TRANSFER,18303.43,34180.37,15876.940000000002,91123.83,109427.26000000001,0,0
664,TRANSFER,19384.4,73902.66,54518.26,135622.77,155007.16999999998,0,0
131,TRANSFER,28265.61,22326.34,0.0,108604.29,136869.9,0,0
662,CASH_OUT,9669.94,64186.0,54516.06,69377.2,79047.14,0,0
309,CASH_OUT,10666.59,57064.96,46398.369999999995,87128.96,97795.55,0,0
344,TRANSFER,24281.62,56809.25,32527.63,158896.16,183177.78,0,0
492,CASH_OUT,37737.25,66300.73,28563.479999999996,55625.83,93363.08,0,0
414,CASH_OUT,31012.94,54838.2,23825.26,28451.05,59463.99,0,0
386,TRANSFER,14938.02,87925.51,72987.48999999999,62632.64,77570.66,0,0
192,CASH_OUT,21573.83,67558.01,45984.17999999999,169906.84,191480.66999999998,0,0
277,CASH_OUT,8616.17,54696.33,46080.16,17797.94,26414.11,0,0
161,TRANSFER,3824.03,82976.31,79152.28,198339.21,202163.24,0,0
460,TRANSFER,39156.53,60614.66,21458.130000000005,108200.58,147357.11,0,0
314,CASH_OUT,13342.83,29114.42,15771.589999999998,196969.15,210311.97999999998,0,0
22,CASH_OUT,8970.54,20709.49,11738.95,187799.28,196769.82,0,0
253,TRANSFER,34611.74,15232.78,0.0,90562.74,125174.48000000001,1,0
561,CASH_OUT,30940.78,89945.52,59004.740000000005,39698.21,70638.98999999999,0,0
475,CASH_OUT,31696.16,71013.54,39317.37999999999,32976.96,64673.119999999995,0,0
59,CASH_OUT,11521.84,93737.84,82216.0,47997.87,59519.71000000001,0,0
511,CASH_OUT,11709.01,60329.18,48620.17,142026.53,153735.54,0,0
682,CASH_OUT,11118.05,47340.09,36222.03999999999,54590.0,65708.05,0,0
476,TRANSFER,8770.25,5971.65,0.0,68285.05,77055.3,0,0
700,TRANSFER,32820.61,67164.23,34343.619999999995,89755.76,122576.37,0,0
190,CASH_OUT,42415.99,58220.88,15804.89,182646.54,225062.53,0,0
687,CASH_OUT,36243.44,99020.89,62777.45,37878.68,74122.12,0,0
563,TRANSFER,39625.47,23915.88,0.0,1005.31,40630.78,1,0
567,TRANSFER,20299.44,53073.74,32774.3,12019.28,32318.72,0,0
244,CASH_OUT,32738.38,65095.73,32357.350000000002,180953.27,213691.65,0,0
505,TRANSFER,17776.39,64459.12,46682.73,129503.29,147279.68,0,0
131,CASH_OUT,26322.68,56129.35,29806.67,54608.12,80930.8,0,0
485,CASH_OUT,24133.58,77692.8,53559.22,35438.5,59572.08,0,0
647,CASH_OUT,8926.67,20498.12,11571.449999999999,58853.35,67780.02,0,0
21,TRANSFER,19415.23,72562.72,53147.490000000005,22959.39,42374.619999999995,0,0
167,TRANSFER,48194.73,61973.46,13778.729999999996,188306.58,236501.31,0,0
274,TRANSFER,12504.15,89607.51,77103.36,156841.23,169345.38,0,0
388,TRANSFER,6776.81,84719.44,77942.63,92478.24,99255.05,0,0
601,TRANSFER,20987.17,31514.7,10527.530000000002,172992.52,193979.69,0,0
316,TRANSFER,39537.85,27623.73,0.0,49891.64,89429.48999999999,1,0
14,TRANSFER,29149.2,98165.33,69016.13,143424.11,172573.31,0,0
242,TRANSFER,34080.64,52726.52,18645.879999999997,171226.5,205307.14,0,0
346,TRANSFER,9565.77,90642.1,81076.33,71353.74,80919.51000000001,0,0
565,TRANSFER,30985.51,16388.1,0.0,151492.89,182478.40000000002,1,0
340,TRANSFER,16242.67,64281.89,48039.22,59014.47,75257.14,0,0
92,CASH_OUT,41731.74,80986.02,39254.280000000006,59771.43,101503.17,0,0
367,CASH_OUT,31502.01,94739.52,63237.51000000001,21411.44,52913.45,0,0
455,TRANSFER,10022.93,33734.01,23711.08,88011.61,98034.54000000001,0,0
428,CASH_OUT,3324.37,72498.12,69173.75,145942.38,149266.75,0,0
509,TRANSFER,2227.4,53881.3,51653.9,188044.16,190271.56,0,0
35,CASH_OUT,18633.29,6062.89,0.0,120759.4,139392.69,1,0
206,TRANSFER,13365.97,68999.97,55634.0,172627.11,185993.08,0,0
81,CASH_OUT,32339.9,69009.66,36669.76,164498.93,196838.83,0,0
562,CASH_OUT,25016.76,93060.68,68043.92,34668.61,59685.369999999995,0,0
388,CASH_OUT,13374.36,49731.24,36356.88,97163.49,110537.85,0,0
2,CASH_OUT,7546.97,23025.09,15478.119999999999,23384.71,30931.68,0,0
390,TRANSFER,6447.27,4456.38,0.0,136430.63,142877.9,0,0
566,TRANSFER,43246.55,41564.22,0.0,189979.93,233226.47999999998,1,0
106,CASH_OUT,12249.55,30191.67,17942.12,27417.89,39667.44,0,0
477,TRANSFER,32620.36,76108.83,43488.47,146776.63,179396.99,0,0
703,CASH_OUT,40553.23,35426.78,0.0,126447.63,167000.86000000002,1,0
402,TRANSFER,30742.66,94907.12,64164.45999999999,116721.01,147463.66999999998,0,0
730,TRANSFER,42992.31,96231.02,53238.71000000001,78024.05,121016.36,0,0
556,TRANSFER,19680.45,62090.86,42410.41,71026.33,90706.78,0,0
162,TRANSFER,47815.49,92866.03,45050.54,9049.84,56865.33,0,0
202,CASH_OUT,6743.94,76085.43,69341.48999999999,43581.74,50325.68,0,0
270,TRANSFER,5197.26,54685.96,49488.7,3035.38,8232.64,0,0
271,TRANSFER,32968.74,18030.79,0.0,116283.42,149252.16,1,0
456,TRANSFER,47147.27,45859.79,0.0,21170.65,68317.92,1,0
462,TRANSFER,40463.28,56087.45,15624.169999999998,174603.88,215067.16,0,1
727,CASH_OUT,3913.2,86396.16,82482.96,104628.6,108541.8,0,0
252,TRANSFER,14040.45,48133.34,34092.89,139937.98,153978.43000000002,0,0
702,TRANSFER,46522.91,89767.47,43244.56,82171.42,128694.33,0,0
296,TRANSFER,12727.62,67434.9,54707.27999999999,112115.96,124843.58,0,0
725,CASH_OUT,39080.4,13699.91,0.0,188531.84,227612.24,1,0
720,TRANSFER,41274.1,99498.14,58224.04,16546.81,57820.91,0,0
338,CASH_OUT,24823.06,52723.27,27900.209999999995,50787.55,75610.61,0,0
53,CASH_OUT,19378.81,39185.83,19807.02,155997.67,175376.48,0,0
217,TRANSFER,22561.21,65911.38,43350.170000000006,19747.44,42308.649999999994,0,0
188,TRANSFER,11425.54,10889.33,0.0,15132.22,26557.760000000002,0,1
380,TRANSFER,44480.61,63653.86,19173.25,72308.28,116788.89,0,0
493,TRANSFER,22585.92,49823.6,27237.68,18433.59,41019.509999999995,0,0
41,CASH_OUT,44134.73,40667.41,0.0,117015.69,161150.42,1,0
157,CASH_OUT,5374.1,95302.0,89927.9,45255.05,50629.15,0,0
15,TRANSFER,49414.94,52253.97,2839.029999999999,179139.59,228554.53,1,0
65,TRANSFER,22219.33,21911.75,0.0,156700.02,178919.34999999998,0,0
521,TRANSFER,2486.76,45896.35,43409.59,139941.04,142427.80000000002,0,1
344,CASH_OUT,1997.29,91938.74,89941.45000000001,123388.81,125386.09999999999,0,0
129,TRANSFER,37335.74,17609.55,0.0,172693.15,210028.88999999998,1,0
648,TRANSFER,32985.87,21395.7,0.0,44612.41,77598.28,1,0
472,CASH_OUT,40126.31,1302.96,0.0,174621.77,214748.08,1,0
63,CASH_OUT,5357.84,1419.0,0.0,157898.46,163256.3,0,0
139,TRANSFER,1874.99,82939.16,81064.17,149632.17,151507.16,0,0
499,CASH_OUT,25478.11,73212.26,47734.149999999994,112251.14,137729.25,0,0
593,CASH_OUT,19441.0,35504.11,16063.11,49248.83,68689.83,0,0
392,TRANSFER,23151.15,69831.12,46679.969999999994,84709.58,107860.73000000001,0,0
675,TRANSFER,49580.26,39520.59,0.0,158714.13,208294.39,1,0
419,TRANSFER,48540.42,95289.68,46749.259999999995,6355.7,54896.119999999995,0,0
289,TRANSFER,47121.54,96705.27,49583.73,156410.15,203531.69,0,0
379,CASH_OUT,39213.75,39279.38,65.62999999999738,48014.15,87227.9,1,0
490,CASH_OUT,17806.58,85422.19,67615.61,28861.84,46668.42,0,0
231,TRANSFER,20665.33,77308.9,56643.56999999999,23140.26,43805.59,0,0
41,TRANSFER,27525.84,30999.99,3474.1500000000015,5450.0,32975.84,0,0
28,TRANSFER,41543.67,23203.98,0.0,104717.3,146260.97,1,0
135,TRANSFER,3528.77,45823.47,42294.700000000004,43651.97,47180.74,0,0
201,CASH_OUT,21272.41,78134.88,56862.47,197886.35,219158.76,0,0
33,TRANSFER,4222.62,96016.78,91794.16,114887.35,119109.97,0,0
48,TRANSFER,25781.41,76357.91,50576.5,27577.05,53358.46,0,0
503,TRANSFER,44955.15,85520.7,40565.549999999996,137752.51,182707.66,0,0
407,CASH_OUT,39146.0,60306.43,21160.43,179548.71,218694.71,0,0
574,TRANSFER,11469.34,83540.78,72071.44,149035.9,160505.24,0,0
728,CASH_OUT,48801.94,78442.09,29640.149999999994,15287.97,64089.91,0,1
99,TRANSFER,33400.78,37698.55,4297.770000000004,179176.84,212577.62,1,0
684,CASH_OUT,620.34,55199.03,54578.69,158785.88,159406.22,0,0
726,CASH_OUT,12845.13,80475.31,67630.18,31660.78,44505.909999999996,0,0
547,TRANSFER,13109.59,4605.67,0.0,10357.18,23466.77,0,0
739,TRANSFER,3555.79,80807.93,77252.14,111462.12,115017.90999999999,0,0
613,CASH_OUT,47995.34,17788.81,0.0,31207.16,79202.5,1,0
462,CASH_OUT,23964.94,51468.36,27503.420000000002,166918.19,190883.13,0,0
643,TRANSFER,44801.15,80827.54,36026.38999999999,71666.93,116468.07999999999,0,0
5,TRANSFER,16178.55,25382.11,9203.560000000001,182578.49,198757.03999999998,0,0
218,CASH_OUT,6349.16,24580.74,18231.58,113137.63,119486.79000000001,0,0
503,TRANSFER,23769.37,40276.44,16507.070000000003,36534.48,60303.850000000006,0,0
398,TRANSFER,5786.44,89464.28,83677.84,27919.77,33706.21,0,0
393,CASH_OUT,24352.17,44.28,0.0,115294.49,139646.66,1,0
207,TRANSFER,46022.83,90138.31,44115.479999999996,152376.72,198399.55,0,0
15,TRANSFER,26086.33,15380.7,0.0,156301.13,182387.46000000002,1,0
554,TRANSFER,30863.34,99008.64,68145.3,55151.48,86014.82,0,0
461,TRANSFER,7916.26,95484.7,87568.44,40849.35,48765.61,0,0
691,TRANSFER,2282.41,49467.52,47185.11,3351.26,5633.67,0,0
575,CASH_OUT,5629.32,51272.02,45642.7,135839.83,141469.15,0,0
743,TRANSFER,29966.73,48154.93,18188.2,15313.65,45280.38,0,0
241,TRANSFER,4841.08,63544.36,58703.28,84152.24,88993.32,0,0
564,TRANSFER,18862.05,9072.17,0.0,120336.43,139198.47999999998,0,0
96,TRANSFER,27549.59,3261.79,0.0,187421.79,214971.38,1,0
734,CASH_OUT,19493.77,5770.29,0.0,62360.43,81854.2,1,0
485,TRANSFER,8267.82,44436.53,36168.71,49954.43,58222.25,0,0
407,TRANSFER,13762.19,27554.79,13792.6,130832.03,144594.22,0,0
231,CASH_OUT,46423.04,62203.96,15780.919999999998,123847.81,170270.85,0,0
655,TRANSFER,33831.52,99244.23,65412.71,66421.96,100253.48000000001,0,0
171,TRANSFER,24852.79,38632.32,13779.529999999999,185620.37,210473.16,0,0
541,TRANSFER,734.47,57384.13,56649.659999999996,168972.47,169706.94,0,0
36,TRANSFER,49621.53,41560.39,0.0,44796.51,94418.04000000001,1,0
525,TRANSFER,33605.6,84727.17,51121.57,47828.51,81434.11,0,0
160,TRANSFER,15914.43,90223.64,74309.20999999999,102460.07,118374.5,0,0
699,CASH_OUT,43975.51,87735.56,43760.049999999996,154714.42,198689.93000000002,0,0
243,TRANSFER,12995.74,97437.22,84441.48,8808.08,21803.82,0,0
86,TRANSFER,27246.43,2751.92,0.0,138667.03,165913.46,1,0
578,CASH_OUT,31839.93,83981.62,52141.689999999995,129647.18,161487.11,0,0
682,TRANSFER,11131.06,75177.22,64046.16,46296.02,57427.079999999994,0,0
557,CASH_OUT,48922.02,22869.44,0.0,136270.6,185192.62,1,0
574,TRANSFER,37434.78,95632.01,58197.229999999996,188036.64,225471.42,0,0
646,TRANSFER,27934.88,14817.79,0.0,9357.17,37292.05,1,0
28,CASH_OUT,9111.67,67954.99,58843.32000000001,63930.41,73042.08,0,0
620,TRANSFER,2787.52,22489.02,19701.5,87635.34,90422.86,0,0
556,TRANSFER,16070.99,43138.06,27067.07,179852.07,195923.06,0,0
340,TRANSFER,37684.05,71915.99,34231.94,192452.29,230136.34000000003,0,0
331,TRANSFER,13539.63,56332.46,42792.83,88823.05,102362.68000000001,0,0
640,CASH_OUT,27023.86,42750.18,15726.32,150005.68,177029.53999999998,0,0
506,TRANSFER,36424.56,32633.84,0.0,106332.2,142756.76,1,0
348,TRANSFER,5486.39,83965.97,78479.58,107556.59,113042.98,0,0
473,TRANSFER,34296.37,14381.44,0.0,55619.9,89916.27,1,0
231,CASH_OUT,4684.36,43010.29,38325.93,43391.25,48075.61,0,0
190,TRANSFER,48259.97,90375.76,42115.78999999999,57601.07,105861.04000000001,0,0
225,CASH_OUT,24470.87,84584.96,60114.09000000001,111265.6,135736.47,0,0
385,TRANSFER,7618.74,40094.18,32475.440000000002,5831.04,13449.779999999999,0,0
377,CASH_OUT,17184.94,76310.84,59125.899999999994,181449.79,198634.73,0,0
283,CASH_OUT,20729.48,82316.08,61586.600000000006,31256.74,51986.22,0,0
633,CASH_OUT,37933.43,88888.74,50955.310000000005,44017.74,81951.17,0,0
628,CASH_OUT,37196.85,54450.58,17253.730000000003,103655.24,140852.09,0,0
259,TRANSFER,30635.83,20446.09,0.0,142022.95,172658.78000000003,1,0
359,TRANSFER,5385.94,25530.91,20144.97,19145.81,24531.75,0,0
710,TRANSFER,7663.31,29569.47,21906.16,63538.94,71202.25,0,0
456,TRANSFER,4778.47,59380.25,54601.78,193734.92,198513.39,0,0
411,TRANSFER,28900.92,3280.96,0.0,52468.59,81369.51,1,0
649,TRANSFER,43869.21,63604.25,19735.04,62610.03,106479.23999999999,0,0
318,TRANSFER,21746.65,36435.42,14688.769999999997,167299.7,189046.35,0,0
677,TRANSFER,8126.32,29524.18,21397.86,10042.89,18169.21,0,0
225,CASH_OUT,27946.31,87949.66,60003.350000000006,92922.63,120868.94,0,0
234,TRANSFER,40606.44,46000.24,5393.799999999996,75923.35,116529.79000000001,1,0
684,CASH_OUT,37111.43,9505.3,0.0,63317.35,100428.78,1,0
664,CASH_OUT,44084.39,82674.68,38590.28999999999,57139.92,101224.31,0,0
374,CASH_OUT,13967.31,4764.13,0.0,18274.82,32242.129999999997,0,0
672,CASH_OUT,9778.3,72674.92,62896.619999999995,62965.17,72743.47,0,0
608,CASH_OUT,44002.84,77390.62,33387.78,8610.48,52613.31999999999,0,0
472,CASH_OUT,32912.26,35260.26,2348.0,156192.77,189105.03,1,0
233,CASH_OUT,15615.35,82478.79,66863.43999999999,79645.56,95260.91,0,0
692,TRANSFER,37143.17,51565.94,14422.770000000004,88780.77,125923.94,0,0
113,TRANSFER,40774.41,46329.37,5554.959999999999,178718.92,219493.33000000002,1,0
497,TRANSFER,30787.41,4540.33,0.0,131611.0,162398.41,1,0
442,TRANSFER,34425.42,29002.92,0.0,1611.82,36037.24,1,0
564,CASH_OUT,18825.47,93101.0,74275.53,188634.96,207460.43,0,0
268,CASH_OUT,26980.91,39182.4,12201.490000000002,47428.89,74409.8,0,0
510,CASH_OUT,26255.54,54670.05,28414.510000000002,21522.84,47778.380000000005,0,0
386,TRANSFER,42417.58,53202.17,10784.589999999997,153625.64,196043.22000000003,0,0
387,CASH_OUT,42014.2,59043.11,17028.910000000003,100095.46,142109.66,0,0
113,CASH_OUT,41650.76,6133.1,0.0,86754.11,128404.87,1,0
613,CASH_OUT,650.48,36217.63,35567.149999999994,49900.62,50551.100000000006,0,0
625,CASH_OUT,37502.32,72312.83,34810.51,109494.3,146996.62,0,0
81,CASH_OUT,37957.95,20056.03,0.0,54876.92,92834.87,1,0
699,TRANSFER,33951.1,20357.84,0.0,180316.6,214267.7,1,0
113,CASH_OUT,37837.61,1009.06,0.0,43040.9,80878.51000000001,1,0
2,TRANSFER,42114.32,43748.19,1633.8700000000026,176871.03,218985.35,1,0
642,TRANSFER,23568.92,88273.44,64704.520000000004,111881.09,135450.01,0,0
220,CASH_OUT,25152.31,5190.09,0.0,165697.63,190849.94,1,0
566,TRANSFER,6323.23,19111.87,12788.64,142569.2,148892.43000000002,0,0
736,CASH_OUT,19330.26,31008.45,11678.190000000002,139339.02,158669.28,0,0
225,TRANSFER,32203.92,73172.47,40968.55,64869.16,97073.08,0,0
385,CASH_OUT,39041.95,64063.56,25021.61,46779.39,85821.34,0,0
403,TRANSFER,10938.73,41594.39,30655.66,42177.25,53115.979999999996,0,0
638,CASH_OUT,6977.36,75906.89,68929.53,171438.33,178415.68999999997,0,0
130,CASH_OUT,33185.8,60963.1,27777.299999999996,164085.36,197271.15999999997,0,0
53,TRANSFER,193.81,89604.08,89410.27,88114.71,88308.52,0,0
684,TRANSFER,9000.79,81802.67,72801.88,26480.92,35481.71,0,0
730,CASH_OUT,1550.66,25281.36,23730.7,76450.45,78001.11,0,0
672,TRANSFER,8427.57,27143.86,18716.29,123868.69,132296.26,0,0
710,TRANSFER,9147.83,12535.65,3387.8199999999997,90880.63,100028.46,0,0
416,TRANSFER,19444.91,33696.47,14251.560000000001,156037.85,175482.76,0,0
247,TRANSFER,20176.12,99954.39,79778.27,199524.56,219700.68,0,0
439,CASH_OUT,43725.7,40575.12,0.0,38226.42,81952.12,1,0
203,CASH_OUT,25554.47,22048.84,0.0,91930.16,117484.63,0,0
184,TRANSFER,36197.9,76248.29,40050.38999999999,86196.78,122394.68,0,0
123,TRANSFER,5296.45,54247.1,48950.65,60898.51,66194.96,0,0
401,CASH_OUT,11349.39,14960.14,3610.75,39619.1,50968.49,0,0
294,TRANSFER,35176.88,38068.97,2892.090000000004,13138.42,48315.299999999996,1,0
280,TRANSFER,2734.92,41446.97,38712.05,177423.86,180158.78,0,0
610,CASH_OUT,24381.22,75382.97,51001.75,83969.74,108350.96,0,0
198,CASH_OUT,30008.51,2067.14,0.0,99379.1,129387.61,1,0
511,CASH_OUT,30147.07,26901.96,0.0,183388.41,213535.48,1,0
144,CASH_OUT,1244.35,51759.63,50515.28,155258.1,156502.45,0,0
609,TRANSFER,16173.19,26884.67,10711.479999999998,26100.25,42273.44,0,0
201,CASH_OUT,31860.88,62843.4,30982.52,113083.99,144944.87,0,0
124,TRANSFER,7535.09,48186.75,40651.66,88450.46,95985.55,0,0
187,TRANSFER,34801.24,36171.03,1369.7900000000009,159442.21,194243.44999999998,1,0
326,TRANSFER,37321.67,94920.86,57599.19,144846.51,182168.18,0,0
464,TRANSFER,49100.26,63215.95,14115.689999999995,138081.14,187181.40000000002,0,0
349,CASH_OUT,10571.12,12994.14,2423.0199999999986,68108.97,78680.09,0,1
660,TRANSFER,41274.02,56009.17,14735.150000000001,160992.75,202266.77,0,0
403,TRANSFER,26062.8,78073.19,52010.39,10478.26,36541.06,0,0
346,TRANSFER,18735.78,70848.97,52113.19,31924.98,50660.759999999995,0,0
511,TRANSFER,6206.6,17208.92,11002.319999999998,67124.65,73331.25,0,0
147,CASH_OUT,36801.73,97242.0,60440.27,15361.49,52163.22,0,0
148,TRANSFER,11869.29,44881.36,33012.07,46998.86,58868.15,0,0
711,CASH_OUT,18633.96,15902.5,0.0,166030.2,184664.16,0,0
489,TRANSFER,3220.86,18019.58,14798.720000000001,189650.31,192871.16999999998,0,0
640,TRANSFER,40088.21,9823.5,0.0,60920.47,101008.68,1,0
551,CASH_OUT,38352.77,80351.81,41999.04,52903.16,91255.93,0,0
338,TRANSFER,36707.43,12203.05,0.0,55978.53,92685.95999999999,1,0
641,CASH_OUT,15042.23,12512.53,0.0,55543.82,70586.05,0,0
473,TRANSFER,8756.66,85047.16,76290.5,7186.04,15942.7,0,0
151,TRANSFER,31913.91,34460.41,2546.5000000000036,185383.27,217297.18,1,0
415,CASH_OUT,24858.7,3085.79,0.0,42739.63,67598.33,1,0
298,TRANSFER,8994.8,5189.53,0.0,84000.81,92995.61,0,0
611,TRANSFER,34326.97,14217.04,0.0,1937.38,36264.35,1,0
263,CASH_OUT,49557.21,21339.33,0.0,171591.02,221148.22999999998,1,0
144,TRANSFER,37386.26,66514.62,29128.359999999993,146231.47,183617.73,0,0
346,CASH_OUT,37025.32,15732.63,0.0,189351.21,226376.53,1,0
624,TRANSFER,47520.61,11887.44,0.0,156323.1,203843.71000000002,1,0
572,CASH_OUT,10226.52,76471.91,66245.39,62741.3,72967.82,0,0
2,CASH_OUT,28320.94,67105.53,38784.59,49574.67,77895.61,0,0
304,CASH_OUT,48984.37,43532.42,0.0,139543.26,188527.63,1,0
254,CASH_OUT,8348.18,54930.98,46582.8,72822.56,81170.73999999999,0,0
652,TRANSFER,35042.57,31198.4,0.0,113243.0,148285.57,1,0
453,CASH_OUT,29331.93,48250.04,18918.11,1251.49,30583.420000000002,0,0
37,TRANSFER,29365.31,50667.26,21301.95,12377.14,41742.45,0,0
160,TRANSFER,34913.76,38723.73,3809.970000000001,107073.59,141987.35,1,0
9,TRANSFER,46487.88,90657.22,44169.340000000004,113214.33,159702.21,0,0
233,TRANSFER,39150.84,1606.19,0.0,150290.59,189441.43,1,0
99,TRANSFER,2901.19,78217.13,75315.94,26393.06,29294.25,0,0
659,CASH_OUT,42651.13,12438.28,0.0,102636.62,145287.75,1,0
208,CASH_OUT,11354.51,79754.74,68400.23000000001,38889.53,50244.04,0,0
131,CASH_OUT,18908.02,61591.19,42683.17,18639.22,37547.240000000005,0,0
404,TRANSFER,23140.47,84327.81,61187.34,82099.16,105239.63,0,0
152,CASH_OUT,24097.21,9751.43,0.0,32667.33,56764.54,1,0
54,TRANSFER,21815.5,55898.06,34082.56,44356.4,66171.9,0,0
120,TRANSFER,46873.93,50108.79,3234.8600000000006,63510.92,110384.85,1,0
673,TRANSFER,35330.35,70619.32,35288.97000000001,51877.68,87208.03,0,0
628,TRANSFER,31595.42,53429.06,21833.64,17518.26,49113.67999999999,0,0
587,CASH_OUT,2587.12,54073.46,51486.34,17983.25,20570.37,0,0
625,TRANSFER,45205.28,42959.59,0.0,38649.88,83855.16,1,0
420,TRANSFER,45478.57,30883.44,0.0,10111.84,55590.41,1,0
422,TRANSFER,39032.63,48226.44,9193.810000000005,125291.4,164324.03,1,0
104,TRANSFER,450.76,11849.24,11398.48,57465.34,57916.1,0,0
254,TRANSFER,2958.28,96151.33,93193.05,55949.19,58907.47,0,0
227,CASH_OUT,11338.66,71441.08,60102.42,66399.66,77738.32,0,0
112,TRANSFER,6654.34,95246.71,88592.37000000001,132559.25,139213.59,0,0
510,TRANSFER,20001.92,22672.74,2670.8200000000033,174126.78,194128.7,0,0
473,TRANSFER,46138.89,87934.1,41795.21000000001,151817.39,197956.28000000003,0,0
99,CASH_OUT,23655.82,80879.0,57223.18,145505.85,169161.67,0,0
153,CASH_OUT,768.79,67715.24,66946.45000000001,96878.24,97647.03,0,0
338,CASH_OUT,14209.01,62502.92,48293.909999999996,138761.11,152970.12,0,0
706,CASH_OUT,2325.29,31654.97,29329.68,110552.47,112877.76,0,0
163,TRANSFER,1910.75,81641.08,79730.33,43250.11,45160.86,0,0
720,TRANSFER,13858.42,50151.55,36293.130000000005,41717.67,55576.09,0,0
681,CASH_OUT,13853.06,7089.16,0.0,59278.4,73131.46,0,0
161,CASH_OUT,39377.62,31286.32,0.0,182160.53,221538.15,1,0
580,CASH_OUT,48744.25,93529.71,44785.46000000001,109482.97,158227.22,0,0
398,CASH_OUT,18623.23,85068.03,66444.8,146781.08,165404.31,0,0
277,CASH_OUT,21501.46,98190.57,76689.11000000002,69311.75,90813.20999999999,0,0
504,CASH_OUT,42254.99,62799.34,20544.35,81543.15,123798.13999999998,0,0
392,CASH_OUT,13480.14,24751.01,11270.869999999999,25113.12,38593.259999999995,0,0
135,CASH_OUT,7903.45,16281.5,8378.05,34258.99,42162.439999999995,0,0
195,CASH_OUT,42669.17,18691.44,0.0,165471.31,208140.47999999998,1,0
401,CASH_OUT,2420.38,1979.57,0.0,116967.73,119388.11,0,0
640,TRANSFER,31023.0,39068.21,8045.209999999999,67506.49,98529.49,0,0
33,CASH_OUT,28143.44,19142.77,0.0,160570.24,188713.68,0,0
688,TRANSFER,17361.43,41165.55,23804.120000000003,49303.98,66665.41,0,0
460,TRANSFER,15827.96,93499.44,77671.48000000001,195206.54,211034.5,0,0
470,CASH_OUT,38615.7,43054.02,4438.32,68963.52,107579.22,1,0
375,TRANSFER,4412.59,87798.45,83385.86,67462.19,71874.78,0,0
22,TRANSFER,11915.54,60550.48,48634.94,62382.38,74297.92,0,0
670,TRANSFER,36649.19,24713.16,0.0,24422.3,61071.490000000005,1,0
38,TRANSFER,27461.2,35585.48,8124.2800000000025,22227.43,49688.630000000005,0,0
230,CASH_OUT,6486.61,8391.95,1905.340000000001,129621.01,136107.62,0,0
365,TRANSFER,44118.57,33346.26,0.0,175023.61,219142.18,1,0
563,TRANSFER,19733.05,67754.09,48021.03999999999,158104.1,177837.15,0,0
438,TRANSFER,41410.63,7211.11,0.0,28221.52,69632.15,1,0
283,CASH_OUT,39406.88,20540.14,0.0,109116.42,148523.3,1,0
27,CASH_OUT,31258.83,38144.1,6885.269999999997,21118.31,52377.14,1,0
226,TRANSFER,24774.61,98204.95,73430.34,9058.93,33833.54,0,0
277,TRANSFER,48979.59,78486.18,29506.589999999997,131277.17,180256.76,0,0
609,TRANSFER,7333.76,73348.67,66014.91,107030.47,114364.23,0,0
284,CASH_OUT,36285.27,11619.1,0.0,16404.74,52690.009999999995,1,0
481,CASH_OUT,9640.42,78099.59,68459.17,6987.85,16628.27,0,0
453,TRANSFER,16979.33,78526.88,61547.55,197951.28,214930.61,0,0
659,TRANSFER,15504.07,60110.27,44606.2,6004.27,21508.34,0,0
516,TRANSFER,47357.1,99036.18,51679.079999999994,88905.65,136262.75,0,0
547,CASH_OUT,48371.07,32525.39,0.0,100923.8,149294.87,1,0
192,TRANSFER,9232.47,94127.24,84894.77,23456.03,32688.5,0,0
49,TRANSFER,1199.55,91473.11,90273.56,33812.36,35011.91,0,0
512,TRANSFER,36028.4,1148.07,0.0,70361.0,106389.4,1,0
17,TRANSFER,20957.7,45011.65,24053.95,152335.18,173292.88,0,0
172,CASH_OUT,4533.13,97710.42,93177.29,101416.48,105949.61,0,0
220,TRANSFER,34219.33,10312.14,0.0,127580.37,161799.7,1,0
158,CASH_OUT,27300.77,54778.47,27477.7,197034.91,224335.68,0,0
477,CASH_OUT,49027.79,97895.75,48867.96,153601.09,202628.88,0,0
46,TRANSFER,11447.73,55549.54,44101.81,86872.3,98320.03,0,0
373,TRANSFER,20258.5,18981.53,0.0,89288.38,109546.88,0,0
518,CASH_OUT,27173.04,58218.32,31045.28,123754.42,150927.46,0,0
99,TRANSFER,39605.83,20444.06,0.0,133073.04,172678.87,1,0
37,TRANSFER,27487.05,51970.43,24483.38,100142.19,127629.24,0,0
280,CASH_OUT,30683.72,7404.22,0.0,128972.24,159655.96000000002,1,0
349,TRANSFER,11384.74,60548.27,49163.53,4706.5,16091.24,0,0
497,TRANSFER,42361.24,51678.99,9317.75,85924.57,128285.81,1,0
302,TRANSFER,21488.66,74016.14,52527.479999999996,55787.62,77276.28,0,0
181,CASH_OUT,7133.89,63070.05,55936.16,25834.89,32968.78,0,0
607,TRANSFER,33242.98,54960.63,21717.649999999994,19909.3,53152.28,0,0
99,TRANSFER,10882.91,68977.88,58094.97,120638.43,131521.34,0,0
700,TRANSFER,4968.37,14394.19,9425.82,104720.11,109688.48,0,0
116,TRANSFER,43113.15,59535.97,16422.82,50716.82,93829.97,0,0
191,TRANSFER,23062.1,17211.06,0.0,94190.01,117252.10999999999,0,0
253,TRANSFER,37489.26,92552.22,55062.96,98446.46,135935.72,0,0
161,TRANSFER,14600.32,6833.41,0.0,39001.8,53602.12,0,0
256,TRANSFER,39369.81,43037.47,3667.6600000000035,130418.61,169788.41999999998,1,0
323,TRANSFER,5685.6,69579.75,63894.15,156183.87,161869.47,0,0
128,TRANSFER,17863.07,45802.22,27939.15,158292.71,176155.78,0,0
18,TRANSFER,48905.28,9209.53,0.0,120493.97,169399.25,1,0
735,TRANSFER,39720.09,55337.9,15617.810000000005,102327.72,142047.81,0,0
566,CASH_OUT,24913.07,64163.19,39250.12,12201.43,37114.5,0,0
570,TRANSFER,17054.9,70379.23,53324.329999999994,57566.26,74621.16,0,0
323,TRANSFER,43619.57,37325.98,0.0,18654.29,62273.86,1,0
686,TRANSFER,27287.9,56366.0,29078.1,192764.63,220052.53,0,0
626,CASH_OUT,37945.41,45068.65,7123.239999999998,27016.03,64961.44,1,0
288,CASH_OUT,37729.97,67205.6,29475.630000000005,30355.08,68085.05,0,0
663,TRANSFER,995.49,58355.7,57360.21,177915.32,178910.81,0,0
639,TRANSFER,6400.06,52575.62,46175.560000000005,188785.66,195185.72,0,0
155,CASH_OUT,33015.51,24952.44,0.0,153165.81,186181.32,1,0
490,TRANSFER,8164.83,201.85,0.0,1080.98,9245.81,0,0
386,TRANSFER,12849.12,17408.17,4559.049999999997,269.25,13118.37,0,0
104,TRANSFER,47337.23,11706.6,0.0,75620.15,122957.38,1,0
393,TRANSFER,28053.09,44908.47,16855.38,28679.07,56732.16,0,0
246,CASH_OUT,37561.4,61225.82,23664.42,3677.23,41238.630000000005,0,0
176,CASH_OUT,27943.24,21308.5,0.0,92813.34,120756.58,0,0
39,TRANSFER,27670.43,93905.71,66235.28,188612.38,216282.81,0,0
477,TRANSFER,4798.18,668.21,0.0,64763.91,69562.09,0,0
682,CASH_OUT,17248.79,77230.1,59981.310000000005,132228.14,149476.93000000002,0,0
538,CASH_OUT,14193.3,62520.48,48327.18000000001,130447.07,144640.37,0,0
408,CASH_OUT,19597.35,37355.48,17758.130000000005,50216.02,69813.37,0,0
525,CASH_OUT,39937.37,5048.89,0.0,130085.05,170022.42,1,0
506,CASH_OUT,18659.44,62748.66,44089.22,42466.79,61126.229999999996,0,0
36,CASH_OUT,22639.67,38561.35,15921.68,24401.48,47041.149999999994,0,1
685,TRANSFER,19929.33,93626.71,73697.38,140276.66,160205.99,0,0
20,TRANSFER,4761.06,54199.01,49437.950000000004,22688.16,27449.22,0,0
321,CASH_OUT,22109.5,93965.15,71855.65,199381.84,221491.34,0,0
512,TRANSFER,9860.9,22048.37,12187.47,36690.48,46551.380000000005,0,0
400,CASH_OUT,9417.49,72572.59,63155.1,118828.37,128245.86,0,0
654,TRANSFER,4792.4,61724.9,56932.5,82274.91,87067.31,0,0
471,TRANSFER,17897.88,73940.82,56042.94,25277.28,43175.16,0,0
143,TRANSFER,37898.35,21466.79,0.0,5568.78,43467.13,1,0
92,TRANSFER,13894.44,66499.45,52605.009999999995,124546.46,138440.9,0,0
354,CASH_OUT,15686.22,49804.04,34117.82,161351.51,177037.73,0,0
727,CASH_OUT,32169.47,74282.5,42113.03,168403.13,200572.6,0,0
51,CASH_OUT,9872.46,32704.46,22832.0,96542.69,106415.15,0,0
665,CASH_OUT,44858.2,89005.7,44147.5,155491.09,200349.28999999998,0,0
698,TRANSFER,26057.51,8430.13,0.0,134569.43,160626.94,1,0
575,TRANSFER,22435.39,80718.93,58283.53999999999,144850.91,167286.3,0,0
190,TRANSFER,27935.23,86131.96,58196.73000000001,98519.8,126455.03,0,0
125,TRANSFER,8385.11,81725.23,73340.12,126682.35,135067.46000000002,0,0
150,TRANSFER,30712.31,51272.64,20560.329999999998,161105.18,191817.49,0,0
314,TRANSFER,18218.73,43838.5,25619.77,79576.84,97795.56999999999,0,0
570,TRANSFER,44869.6,99626.23,54756.63,161195.78,206065.38,0,0
342,CASH_OUT,8525.82,22917.2,14391.380000000001,118403.37,126929.19,0,1
305,CASH_OUT,25401.85,54687.6,29285.75,33180.2,58582.049999999996,0,0
692,TRANSFER,29945.82,67067.55,37121.73,4936.83,34882.65,0,0
682,CASH_OUT,1765.84,70086.76,68320.92,72550.72,74316.56,0,0
54,CASH_OUT,18248.29,20402.47,2154.1800000000003,109339.27,127587.56,0,0
444,TRANSFER,36658.5,65399.41,28740.910000000003,167964.07,204622.57,0,0
613,CASH_OUT,41036.84,81836.96,40800.12000000001,25497.14,66533.98,0,0
264,CASH_OUT,15726.78,5001.86,0.0,160041.27,175768.05,1,0
53,TRANSFER,39949.8,91152.13,51202.33,172601.81,212551.61,0,0
572,TRANSFER,48391.02,2950.41,0.0,30137.5,78528.51999999999,1,0
620,TRANSFER,42858.01,35597.1,0.0,170318.86,213176.87,1,0
5,TRANSFER,5970.44,1581.32,0.0,198290.71,204261.15,0,0
103,TRANSFER,37012.54,7714.52,0.0,145367.77,182380.31,1,0
196,CASH_OUT,16051.37,91116.83,75065.46,156953.94,173005.31,0,0
350,TRANSFER,49421.96,35486.08,0.0,198883.05,248305.00999999998,1,0
47,TRANSFER,24319.41,42477.15,18157.74,121096.25,145415.66,0,0
656,CASH_OUT,6209.45,21534.44,15324.989999999998,61577.28,67786.73,0,0
269,CASH_OUT,36286.76,59709.58,23422.82,167506.17,203792.93000000002,0,0
370,TRANSFER,16218.26,59480.32,43262.06,122897.16,139115.42,0,0
636,TRANSFER,49854.2,37220.04,0.0,116239.08,166093.28,1,0
106,TRANSFER,48991.14,33303.49,0.0,50727.11,99718.25,1,0
670,CASH_OUT,32841.09,88496.43,55655.34,151266.85,184107.94,0,0
659,TRANSFER,6578.34,38328.42,31750.079999999998,16333.46,22911.8,0,0
657,TRANSFER,34374.36,49350.1,14975.739999999998,184857.41,219231.77000000002,0,0
120,CASH_OUT,4742.22,28330.48,23588.26,65164.69,69906.91,0,0
604,TRANSFER,1565.27,78676.95,77111.68,25554.93,27120.2,0,0
58,CASH_OUT,41165.63,39744.82,0.0,88473.31,129638.94,1,0
346,CASH_OUT,10566.67,51361.1,40794.43,8493.98,19060.65,0,0
741,TRANSFER,19013.45,25335.72,6322.27,136925.24,155938.69,0,0
474,CASH_OUT,48675.52,98765.96,50090.44000000001,180541.1,229216.62,0,0
117,TRANSFER,16908.34,29149.57,12241.23,167452.6,184360.94,0,0
127,CASH_OUT,14894.84,77074.25,62179.41,25473.89,40368.729999999996,0,0
393,TRANSFER,45918.58,42749.57,0.0,25254.23,71172.81,1,0
641,CASH_OUT,5626.35,20621.74,14995.390000000001,162686.9,168313.25,0,0
58,TRANSFER,38003.16,79971.88,41968.72,184850.85,222854.01,0,0
634,CASH_OUT,49404.47,33360.68,0.0,92133.97,141538.44,1,0
513,CASH_OUT,45074.67,86519.33,41444.66,99794.22,144868.89,0,0
96,TRANSFER,32618.23,91525.72,58907.490000000005,63652.41,96270.64,0,0
638,CASH_OUT,15771.63,85982.38,70210.75,178853.02,194624.65,0,0
118,TRANSFER,12790.67,3500.79,0.0,128980.58,141771.25,0,0
560,TRANSFER,40980.83,78737.33,37756.5,57650.32,98631.15,0,0
601,TRANSFER,44003.11,41133.95,0.0,59756.57,103759.68,1,0
488,TRANSFER,26319.2,87372.29,61053.09,178240.01,204559.21000000002,0,0
237,TRANSFER,12292.56,63795.43,51502.87,2726.8,15019.36,0,0
272,CASH_OUT,5735.87,83364.31,77628.44,64545.31,70281.18,0,0
189,TRANSFER,4450.26,49943.18,45492.92,110871.34,115321.59999999999,0,0
704,CASH_OUT,35981.96,53502.55,17520.590000000004,29643.49,65625.45,0,0
447,TRANSFER,21063.92,14438.76,0.0,18419.75,39483.67,0,0
581,CASH_OUT,45277.46,78398.74,33121.280000000006,163055.27,208332.72999999998,0,0
247,CASH_OUT,37009.6,41938.96,4929.360000000001,178880.88,215890.48,1,0
76,TRANSFER,9643.89,50008.01,40364.12,164721.28,174365.16999999998,0,0
154,CASH_OUT,30727.49,78509.77,47782.28,179757.58,210485.06999999998,0,0
656,TRANSFER,21831.72,59884.54,38052.82,110622.39,132454.11,0,0
435,CASH_OUT,28904.76,20109.87,0.0,162451.62,191356.38,0,1
86,TRANSFER,36929.65,59023.27,22093.619999999995,76808.53,113738.18,0,0
697,CASH_OUT,40329.17,40763.29,434.1200000000026,133253.57,173582.74,1,0
285,TRANSFER,42202.49,46952.55,4750.060000000005,197767.11,239969.59999999998,1,0
220,TRANSFER,12773.35,2831.13,0.0,45145.54,57918.89,0,0
69,CASH_OUT,1652.67,21002.93,19350.260000000002,77979.95,79632.62,0,0
47,TRANSFER,36990.81,28103.81,0.0,96009.48,133000.28999999998,1,0
94,TRANSFER,5406.55,71296.0,65889.45,27603.1,33009.65,0,0
453,TRANSFER,15814.49,1149.25,0.0,16207.72,32022.21,1,1
204,TRANSFER,290.47,40877.73,40587.26,165944.57,166235.04,0,0
218,TRANSFER,34115.31,92402.69,58287.380000000005,195358.87,229474.18,0,0
474,TRANSFER,8439.89,11188.06,2748.17,80945.01,89384.9,0,0
432,TRANSFER,32798.59,51642.44,18843.850000000006,17529.97,50328.56,0,0
341,TRANSFER,49587.96,78652.24,29064.280000000006,13162.35,62750.31,0,0
551,CASH_OUT,3726.28,94253.13,90526.85,178263.64,181989.92,0,0
612,TRANSFER,3946.19,74677.66,70731.47,92762.85,96709.04000000001,0,0
289,TRANSFER,17084.97,72056.55,54971.58,64005.46,81090.43,0,0
254,TRANSFER,43332.69,82648.81,39316.119999999995,95292.25,138624.94,0,0
734,TRANSFER,10854.94,44620.12,33765.18,63660.82,74515.76,0,0
357,CASH_OUT,18082.85,80584.45,62501.6,97807.16,115890.01000000001,0,0
23,TRANSFER,3518.42,796.44,0.0,171911.28,175429.7,0,0
522,TRANSFER,38181.45,92456.11,54274.66,118460.27,156641.72,0,1
100,CASH_OUT,20474.49,44330.65,23856.16,138930.75,159405.24,0,0
180,CASH_OUT,37986.51,55338.02,17351.509999999995,72934.14,110920.65,0,0
223,TRANSFER,45190.03,25488.22,0.0,147701.18,192891.21,1,0
659,CASH_OUT,11714.88,74253.08,62538.200000000004,133323.42,145038.30000000002,0,0
442,CASH_OUT,40389.06,7663.58,0.0,23912.4,64301.46,1,0
608,TRANSFER,3048.79,87263.58,84214.79000000001,114528.57,117577.36,0,0
325,CASH_OUT,44952.48,82811.68,37859.19999999999,51348.7,96301.18,0,0
516,CASH_OUT,32573.35,21606.01,0.0,160819.13,193392.48,1,0
16,TRANSFER,43723.91,80932.44,37208.53,85187.54,128911.45,0,0
336,TRANSFER,109.4,78635.77,78526.37000000001,198936.83,199046.22999999998,0,0
258,TRANSFER,8537.15,63221.66,54684.51,18500.09,27037.239999999998,0,1
497,CASH_OUT,19548.99,37352.02,17803.029999999995,156069.57,175618.56,0,0
160,CASH_OUT,19037.19,27149.88,8112.690000000002,134740.35,153777.54,0,0
475,CASH_OUT,11413.85,23178.36,11764.51,153499.77,164913.62,0,0
664,TRANSFER,19142.44,31860.9,12718.460000000003,61505.96,80648.4,0,0
690,CASH_OUT,6529.55,90355.84,83826.29,98410.9,104940.45,0,0
675,TRANSFER,20696.78,7764.08,0.0,159301.7,179998.48,1,0
380,TRANSFER,40137.48,82887.13,42749.65,46508.27,86645.75,0,0
545,TRANSFER,24005.6,34889.01,10883.410000000003,45206.64,69212.23999999999,0,0
691,CASH_OUT,998.2,52159.94,51161.740000000005,110210.19,111208.39,0,0
427,TRANSFER,21130.06,79448.56,58318.5,104712.72,125842.78,0,0
613,CASH_OUT,1456.03,88437.65,86981.62,56452.49,57908.52,0,0
268,TRANSFER,48315.55,34478.14,0.0,59615.13,107930.68,1,0
577,TRANSFER,6459.95,46184.35,39724.4,55569.03,62028.979999999996,0,0
417,TRANSFER,35413.65,41451.61,6037.959999999999,154302.41,189716.06,1,0
168,TRANSFER,48641.54,1325.1,0.0,130380.17,179021.71,1,0
43,CASH_OUT,41319.35,29594.29,0.0,166483.44,207802.79,1,0
556,TRANSFER,34995.84,45918.92,10923.080000000002,195094.61,230090.44999999998,0,0
285,CASH_OUT,41989.1,41109.36,0.0,94832.86,136821.96,1,0
397,TRANSFER,49091.75,72192.92,23101.17,13338.78,62430.53,0,0
12,CASH_OUT,31105.09,38480.36,7375.27,9618.46,40723.55,1,0
607,TRANSFER,28003.32,48937.64,20934.32,59133.01,87136.33,0,0
302,CASH_OUT,31449.08,42960.86,11511.779999999999,186508.92,217958.0,0,0
253,CASH_OUT,26680.53,74062.61,47382.08,104642.61,131323.14,0,0
499,TRANSFER,31790.95,86297.24,54506.29000000001,54357.3,86148.25,0,0
35,TRANSFER,22547.13,53188.91,30641.780000000002,79833.36,102380.49,0,0
727,CASH_OUT,11000.31,78943.22,67942.91,119719.02,130719.33,0,0
90,CASH_OUT,6100.34,29678.67,23578.329999999998,130589.93,136690.27,0,0
605,TRANSFER,3510.21,54136.96,50626.75,30783.9,34294.11,0,0
602,CASH_OUT,13239.46,34523.0,21283.54,195406.34,208645.8,0,0
418,CASH_OUT,2401.57,41420.09,39018.52,108954.45,111356.02,0,0
115,CASH_OUT,28401.82,73241.39,44839.57,27137.66,55539.479999999996,0,0
617,CASH_OUT,14263.04,88166.25,73903.20999999999,178727.05,192990.09,0,0
196,CASH_OUT,41244.29,12149.54,0.0,14927.69,56171.98,1,0
501,TRANSFER,3804.62,63463.93,59659.31,181547.09,185351.71,0,0
626,TRANSFER,11394.94,58214.38,46819.439999999995,199313.13,210708.07,0,0
493,TRANSFER,36539.28,11841.5,0.0,140086.36,176625.63999999998,1,0
75,CASH_OUT,29980.53,21189.43,0.0,154089.44,184069.97,0,0
413,CASH_OUT,3318.11,31100.25,27782.14,67460.57,70778.68000000001,0,0
376,TRANSFER,43874.25,16693.11,0.0,188315.37,232189.62,1,0
420,CASH_OUT,43875.36,24372.95,0.0,105942.79,149818.15,1,0
729,CASH_OUT,16587.36,26760.08,10172.720000000001,146477.69,163065.05,0,0
277,TRANSFER,17086.25,33567.38,16481.129999999997,184821.54,201907.79,0,0
676,TRANSFER,49452.52,74939.05,25486.530000000006,195036.0,244488.52,0,0
394,TRANSFER,31346.19,57191.22,25845.030000000002,166640.87,197987.06,0,0
457,TRANSFER,26612.69,98624.67,72011.98,60603.5,87216.19,0,0
192,TRANSFER,41923.79,41473.58,0.0,193309.5,235233.29,1,0
739,TRANSFER,14335.99,75386.51,61050.52,125623.91,139959.9,0,0
689,TRANSFER,21516.21,87146.84,65630.63,186128.5,207644.71,0,0
99,TRANSFER,13462.06,67897.85,54435.79000000001,135221.01,148683.07,0,0
548,TRANSFER,39479.13,41186.47,1707.3400000000038,61447.79,100926.92,1,0
96,TRANSFER,28710.13,75359.46,46649.33,74004.9,102715.03,0,0
664,CASH_OUT,32975.37,20366.71,0.0,110094.36,143069.73,1,0
663,TRANSFER,12690.13,32755.22,20065.090000000004,158002.97,170693.1,0,0
190,CASH_OUT,11089.24,54668.53,43579.29,63596.51,74685.75,0,0
736,CASH_OUT,24469.89,57540.94,33071.05,115946.23,140416.12,0,0
37,TRANSFER,36904.53,2214.15,0.0,69125.0,106029.53,1,0
369,TRANSFER,26309.46,94511.42,68201.95999999999,163153.88,189463.34,0,0
695,TRANSFER,1729.02,69662.73,67933.70999999999,93345.62,95074.64,0,0
525,TRANSFER,43440.72,49570.38,6129.659999999996,15344.57,58785.29,1,0
279,CASH_OUT,3327.88,93312.72,89984.84,33210.5,36538.38,0,0
217,TRANSFER,47795.64,43909.56,0.0,12220.93,60016.57,1,1
273,TRANSFER,1354.58,98043.56,96688.98,99860.59,101215.17,0,0
62,TRANSFER,34753.08,51228.48,16475.4,21267.46,56020.54,0,0
596,TRANSFER,4202.13,11428.58,7226.45,22827.99,27030.120000000003,0,0
729,CASH_OUT,45542.76,76480.1,30937.340000000004,188209.65,233752.41,0,0
342,TRANSFER,23275.22,67889.77,44614.55,174531.01,197806.23,0,0
397,TRANSFER,6962.44,77298.67,70336.23,90417.32,97379.76000000001,0,0
699,TRANSFER,17106.7,95144.2,78037.5,197161.06,214267.76,0,0
19,CASH_OUT,8324.75,77648.93,69324.18,37.31,8362.06,0,0
177,TRANSFER,8612.04,61133.66,52521.62,122795.89,131407.93,0,0
612,TRANSFER,47410.61,85730.89,38320.28,123285.64,170696.25,0,0
396,CASH_OUT,22317.78,67324.64,45006.86,91488.61,113806.39,0,0
445,TRANSFER,39461.23,40811.91,1350.6800000000003,79389.59,118850.82,1,0
233,CASH_OUT,32016.32,88561.98,56545.659999999996,91076.63,123092.95000000001,0,0
76,CASH_OUT,33853.68,22190.05,0.0,82992.09,116845.76999999999,1,0
265,CASH_OUT,6671.5,71464.13,64792.630000000005,146098.5,152770.0,0,0
455,CASH_OUT,11785.8,88156.35,76370.55,27071.09,38856.89,0,0
718,CASH_OUT,39358.84,73131.65,33772.81,39527.84,78886.68,0,0
735,CASH_OUT,48541.23,69727.54,21186.30999999999,36103.65,84644.88,0,0
384,CASH_OUT,13207.51,75263.83,62056.32,52494.12,65701.63,0,1
564,CASH_OUT,13651.28,46505.52,32854.24,105051.68,118702.95999999999,0,0
506,TRANSFER,23697.57,87417.07,63719.50000000001,22241.75,45939.32,0,0
367,TRANSFER,49193.63,20343.65,0.0,173633.86,222827.49,1,0
144,TRANSFER,13521.05,12738.64,0.0,59472.31,72993.36,0,0
69,TRANSFER,20407.9,28550.88,8142.98,32507.6,52915.5,0,0
99,TRANSFER,44584.85,53157.74,8572.89,135124.26,179709.11000000002,1,0
396,TRANSFER,245.76,51056.18,50810.42,7617.26,7863.02,0,0
25,TRANSFER,2084.32,82059.88,79975.56,123993.71,126078.03000000001,0,0
469,CASH_OUT,30243.18,40456.87,10213.690000000002,139639.69,169882.87,0,0
484,CASH_OUT,45378.27,48434.44,3056.1700000000055,42983.31,88361.57999999999,1,0
565,TRANSFER,12018.95,1336.77,0.0,8392.81,20411.760000000002,1,0
151,TRANSFER,23535.12,40973.92,17438.8,72729.07,96264.19,0,0
144,CASH_OUT,22578.22,64777.42,42199.2,19718.85,42297.07,0,0
569,TRANSFER,23701.27,1550.83,0.0,23295.57,46996.84,1,0
39,CASH_OUT,31163.73,28088.2,0.0,50852.25,82015.98,1,0
109,TRANSFER,23540.21,20795.64,0.0,59093.58,82633.79000000001,0,0
693,TRANSFER,22428.66,4198.54,0.0,105994.07,128422.73000000001,1,0
42,CASH_OUT,23766.99,47926.01,24159.02,135678.38,159445.37,0,0
186,TRANSFER,29584.29,18172.33,0.0,118554.19,148138.48,1,0
398,CASH_OUT,26896.67,74308.15,47411.479999999996,29672.07,56568.74,0,0
223,CASH_OUT,42721.39,84792.79,42071.399999999994,34417.21,77138.6,0,0
634,TRANSFER,2569.89,54558.52,51988.63,175753.85,178323.74000000002,0,0
133,CASH_OUT,41682.52,98170.73,56488.21,111670.46,153352.98,0,0
163,CASH_OUT,42211.84,45047.86,2836.020000000004,173987.57,216199.41,1,0
215,TRANSFER,14316.91,51336.82,37019.91,74309.3,88626.21,0,0
733,CASH_OUT,23196.31,98921.78,75725.47,122880.0,146076.31,0,0
235,TRANSFER,21983.07,23154.84,1171.7700000000004,104732.68,126715.75,0,0
658,CASH_OUT,11003.64,94254.59,83250.95,63824.7,74828.34,0,0
588,CASH_OUT,19900.16,4283.76,0.0,93983.07,113883.23000000001,1,0
9,TRANSFER,2314.95,44638.69,42323.740000000005,100498.18,102813.12999999999,0,0
74,CASH_OUT,13963.32,7000.35,0.0,40154.19,54117.51,0,0
492,CASH_OUT,40852.44,72923.47,32071.03,63002.07,103854.51000000001,0,1
253,CASH_OUT,14299.66,60840.89,46541.229999999996,158281.95,172581.61000000002,0,0
230,CASH_OUT,40928.51,70663.43,29734.91999999999,183157.65,224086.16,0,0
519,CASH_OUT,26626.81,37448.04,10821.23,71958.82,98585.63,0,0
174,TRANSFER,44005.15,36948.19,0.0,61394.46,105399.61,1,0
653,CASH_OUT,28781.5,4531.93,0.0,39039.43,67820.93,1,0
168,TRANSFER,1580.44,34994.49,33414.049999999996,135698.23,137278.67,0,0
170,TRANSFER,33803.47,92928.84,59125.369999999995,64619.94,98423.41,0,0
393,CASH_OUT,2338.19,37922.65,35584.46,197549.91,199888.1,0,0
634,TRANSFER,22584.79,83136.77,60551.98,65136.96,87721.75,0,0
194,TRANSFER,46478.39,84232.55,37754.16,78827.21,125305.6,0,0
517,TRANSFER,8343.68,37324.12,28980.440000000002,120666.84,129010.51999999999,0,0
29,TRANSFER,19554.63,63198.87,43644.240000000005,160336.86,179891.49,0,0
165,CASH_OUT,36520.03,9537.16,0.0,93903.73,130423.76,1,0
422,TRANSFER,44124.7,10367.86,0.0,84531.21,128655.91,1,0
339,CASH_OUT,33580.06,4865.77,0.0,199127.57,232707.63,1,0
648,TRANSFER,12982.85,58101.51,45118.66,2098.73,15081.58,0,0
496,CASH_OUT,33762.93,42607.1,8844.169999999998,179013.06,212775.99,0,0
365,TRANSFER,14906.71,54803.24,39896.53,29828.17,44734.88,0,0
342,TRANSFER,35949.62,52107.32,16157.699999999997,157185.06,193134.68,0,0
500,CASH_OUT,47706.25,35020.3,0.0,123586.31,171292.56,1,0
657,CASH_OUT,36097.53,67747.34,31649.809999999998,68369.46,104466.99,0,0
511,TRANSFER,43157.74,75850.19,32692.450000000004,174774.99,217932.72999999998,0,0
327,TRANSFER,204.98,1462.83,1257.85,2581.45,2786.43,0,0
217,TRANSFER,35906.85,20724.23,0.0,45338.13,81244.98,1,0
301,TRANSFER,41496.42,71323.59,29827.17,113378.56,154874.97999999998,0,0
132,CASH_OUT,2123.88,38662.02,36538.14,70308.45,72432.33,0,0
70,TRANSFER,43592.73,66248.39,22655.659999999996,122075.5,165668.23,0,0
252,TRANSFER,12909.04,34696.27,21787.229999999996,4822.04,17731.08,0,0
415,TRANSFER,33298.08,39075.52,5777.439999999995,23291.79,56589.87,1,0
445,TRANSFER,40037.71,15867.89,0.0,25419.25,65456.96,1,0
182,TRANSFER,33166.96,25823.1,0.0,37856.73,71023.69,1,0
167,TRANSFER,4705.01,60541.18,55836.17,91866.29,96571.29999999999,0,0
91,TRANSFER,29856.44,43316.31,13459.869999999999,150425.74,180282.18,0,0
714,TRANSFER,27524.22,77430.27,49906.05,181107.77,208631.99,0,0
531,CASH_OUT,45026.03,85258.5,40232.47,167074.51,212100.54,0,0
39,TRANSFER,20271.56,54164.64,33893.08,39377.57,59649.130000000005,0,0
126,CASH_OUT,16121.95,75826.73,59704.78,88230.11,104352.06,0,0
451,TRANSFER,37517.55,30690.45,0.0,39882.32,77399.87,1,0
173,CASH_OUT,20692.5,41497.12,20804.620000000003,52894.36,73586.86,0,0
653,CASH_OUT,32340.2,71277.77,38937.57000000001,100709.4,133049.6,0,0
220,CASH_OUT,32357.86,38621.2,6263.3399999999965,13621.8,45979.66,1,0
638,CASH_OUT,44413.15,58850.49,14437.339999999997,43634.87,88048.02,0,0
58,TRANSFER,29974.75,18537.28,0.0,187075.63,217050.38,1,0
660,TRANSFER,25157.47,59977.13,34819.659999999996,93223.26,118380.73,0,0
476,TRANSFER,7029.68,86151.37,79121.69,89077.31,96106.98999999999,0,0
456,TRANSFER,5875.31,86863.96,80988.65000000001,2913.43,8788.74,0,0
361,TRANSFER,7800.65,72434.44,64633.79,49479.95,57280.6,0,0
1,TRANSFER,8675.24,74575.34,65900.09999999999,173258.49,181933.72999999998,0,0
387,CASH_OUT,31930.07,55792.74,23862.67,32925.69,64855.76,0,0
348,TRANSFER,37074.96,58466.81,21391.85,83024.99,120099.95000000001,0,0
190,CASH_OUT,26546.58,13365.06,0.0,2866.18,29412.760000000002,1,0
505,CASH_OUT,41467.98,44385.92,2917.939999999995,95667.1,137135.08000000002,1,0
191,CASH_OUT,49564.04,45077.63,0.0,4204.22,53768.26,1,0
508,TRANSFER,41018.63,95849.78,54831.15,163921.91,204940.54,0,0
369,TRANSFER,34774.63,43108.69,8334.060000000005,164970.75,199745.38,1,0
409,TRANSFER,26671.39,54934.26,28262.870000000003,157548.44,184219.83000000002,0,0
117,TRANSFER,22497.77,53325.14,30827.37,56672.81,79170.58,0,0
134,CASH_OUT,4311.18,63676.17,59364.99,167447.44,171758.62,0,0
58,TRANSFER,20028.5,74823.28,54794.78,108599.63,128628.13,0,0
556,CASH_OUT,45515.72,22504.19,0.0,74761.62,120277.34,1,0
685,TRANSFER,40420.33,52872.44,12452.11,125065.99,165486.32,0,0
672,CASH_OUT,10880.96,82591.77,71710.81,2468.21,13349.169999999998,0,0
173,CASH_OUT,23383.73,46311.47,22927.74,28592.18,51975.91,0,0
149,TRANSFER,40854.49,27845.75,0.0,148458.71,189313.19999999998,1,0
80,TRANSFER,3462.49,65470.91,62008.420000000006,48832.32,52294.81,0,0
213,TRANSFER,19430.89,82376.74,62945.850000000006,119601.82,139032.71000000002,0,0
203,TRANSFER,42606.88,6314.03,0.0,77020.52,119627.4,1,0
229,TRANSFER,20254.5,77679.05,57424.55,170961.16,191215.66,0,0
676,TRANSFER,3972.97,82164.79,78191.81999999999,190483.06,194456.03,0,0
227,TRANSFER,27172.46,46152.29,18979.83,176712.95,203885.41,0,0
659,TRANSFER,43100.95,98330.57,55229.62000000001,54124.0,97224.95,0,0
532,TRANSFER,29555.25,78670.83,49115.58,38832.57,68387.82,0,0
441,CASH_OUT,11391.33,77366.26,65974.93,94886.98,106278.31,0,0
402,TRANSFER,19273.56,74783.86,55510.3,1466.83,20740.39,0,0
47,CASH_OUT,22561.16,15060.81,0.0,5161.88,27723.04,0,0
233,TRANSFER,29005.39,21723.09,0.0,110658.13,139663.52000000002,0,0
305,TRANSFER,37991.62,46399.01,8407.39,104089.88,142081.5,1,0
526,CASH_OUT,5033.79,26400.43,21366.64,198916.4,203950.19,0,0
143,TRANSFER,44493.64,41524.1,0.0,40368.37,84862.01000000001,1,0
415,TRANSFER,714.25,88846.41,88132.16,51620.79,52335.04,0,0
513,TRANSFER,18565.61,82432.69,63867.08,22708.13,41273.740000000005,0,0
373,TRANSFER,1468.27,63003.99,61535.72,183508.6,184976.87,0,0
566,TRANSFER,19709.41,85812.04,66102.62999999999,155562.25,175271.66,0,0
259,TRANSFER,26338.05,78377.24,52039.19,164467.82,190805.87,0,0
656,CASH_OUT,25632.9,42898.49,17265.589999999997,180552.76,206185.66,0,0
471,TRANSFER,8364.85,20106.52,11741.67,104980.0,113344.85,0,0
12,TRANSFER,32322.45,51420.1,19097.649999999998,90238.64,122561.09,0,0
330,TRANSFER,2334.44,73622.89,71288.45,66078.29,68412.73,0,0
736,CASH_OUT,38119.15,43641.96,5522.809999999998,117842.92,155962.07,1,0
358,TRANSFER,47337.56,66677.19,19339.630000000005,90855.68,138193.24,0,0
408,TRANSFER,17054.46,9432.74,0.0,90313.12,107367.57999999999,0,0
668,TRANSFER,25910.25,74800.47,48890.22,187385.57,213295.82,0,0
373,CASH_OUT,19007.62,81271.36,62263.740000000005,196806.3,215813.91999999998,0,0
8,TRANSFER,434.85,70683.79,70248.93999999999,159296.88,159731.73,0,0
122,TRANSFER,19355.14,96726.36,77371.22,151351.62,170706.76,0,0
348,TRANSFER,39606.84,82665.21,43058.37000000001,136111.63,175718.47,0,0
676,CASH_OUT,29839.84,90309.37,60469.53,33214.97,63054.81,0,0
90,TRANSFER,5152.87,93357.11,88204.24,11821.16,16974.03,0,0
648,TRANSFER,42372.26,80134.8,37762.54,138145.26,180517.52000000002,0,0
698,CASH_OUT,26601.16,67425.88,40824.72,145757.24,172358.4,0,0
316,CASH_OUT,42102.0,571.86,0.0,9394.6,51496.6,1,0
178,TRANSFER,29053.05,46582.58,17529.530000000002,185610.35,214663.4,0,0
540,CASH_OUT,28028.45,57116.23,29087.780000000002,18228.13,46256.58,0,0
732,TRANSFER,5352.43,30403.03,25050.6,57180.11,62532.54,0,0
41,TRANSFER,8451.25,31810.44,23359.19,134477.96,142929.21,0,0
740,TRANSFER,48604.06,96115.94,47511.880000000005,33974.52,82578.57999999999,0,0
704,CASH_OUT,11501.49,89171.09,77669.59999999999,11083.18,22584.67,0,0
502,TRANSFER,48874.86,84917.9,36043.03999999999,66229.3,115104.16,0,0
145,TRANSFER,26642.44,40601.18,13958.740000000002,153194.31,179836.75,0,0
201,TRANSFER,6875.87,1369.86,0.0,82735.74,89611.61,0,0
724,CASH_OUT,5055.18,8022.22,2967.04,130594.58,135649.76,0,0
461,TRANSFER,10522.32,31219.64,20697.32,115923.82,126446.14000000001,0,0
732,TRANSFER,46289.3,1574.29,0.0,4443.7,50733.0,1,0
558,TRANSFER,20766.1,1714.98,0.0,197708.0,218474.1,1,0
547,TRANSFER,19832.17,91660.33,71828.16,8285.62,28117.79,0,0
253,TRANSFER,15728.99,70615.85,54886.86000000001,193560.55,209289.53999999998,0,0
390,CASH_OUT,7438.39,30895.6,23457.21,109972.84,117411.23,0,0
594,TRANSFER,24443.77,13264.46,0.0,192631.81,217075.58,1,0
256,TRANSFER,6589.38,51163.57,44574.19,22950.72,29540.100000000002,0,0
709,CASH_OUT,41790.46,534.62,0.0,98081.7,139872.16,1,0
450,TRANSFER,18582.81,93841.37,75258.56,33900.82,52483.630000000005,0,0
10,TRANSFER,18802.7,41481.51,22678.81,10194.98,28997.68,0,0
242,CASH_OUT,23752.92,40233.5,16480.58,123505.82,147258.74,0,0
251,TRANSFER,22261.97,39059.36,16797.39,41556.68,63818.65,0,0
5,TRANSFER,49743.41,6932.83,0.0,117539.4,167282.81,1,0
119,TRANSFER,27314.52,63832.22,36517.7,22472.9,49787.42,0,0
374,TRANSFER,4501.27,73300.36,68799.09,66397.29,70898.56,0,0
65,TRANSFER,30383.18,67612.54,37229.35999999999,156326.51,186709.69,0,0
146,TRANSFER,7664.06,13843.55,6179.489999999999,87410.3,95074.36,0,1
224,TRANSFER,1643.79,57884.02,56240.229999999996,125549.08,127192.87,0,0
239,TRANSFER,48540.03,56948.45,8408.419999999998,129491.59,178031.62,1,0
177,CASH_OUT,38699.59,86841.08,48141.490000000005,168751.01,207450.6,0,0
282,CASH_OUT,49007.44,37912.77,0.0,64984.56,113992.0,1,0
63,TRANSFER,23946.13,37148.59,13202.459999999995,137459.11,161405.24,0,0
217,TRANSFER,26659.65,61852.71,35193.06,192323.16,218982.81,0,0
689,CASH_OUT,8500.01,63307.27,54807.259999999995,146048.67,154548.68000000002,0,0
461,TRANSFER,12420.68,46928.52,34507.84,97974.1,110394.78,0,0
610,TRANSFER,41943.61,44305.94,2362.3300000000017,126143.49,168087.1,1,0
105,CASH_OUT,17873.66,49414.77,31541.109999999997,147936.58,165810.24,0,0
99,TRANSFER,41358.07,86104.53,44746.46,122455.15,163813.22,0,0
511,CASH_OUT,35479.78,46116.69,10636.910000000003,3335.16,38814.94,0,0
385,CASH_OUT,8940.83,93993.18,85052.34999999999,38954.7,47895.53,0,0
405,TRANSFER,25421.57,50400.38,24978.809999999998,162093.64,187515.21000000002,0,0
518,TRANSFER,33901.63,94920.07,61018.44000000001,54530.13,88431.76,0,0
476,TRANSFER,11828.36,83283.19,71454.83,146312.42,158140.78000000003,0,0
709,CASH_OUT,41551.36,36243.13,0.0,74424.04,115975.4,1,0
645,CASH_OUT,27286.9,86364.14,59077.24,104376.87,131663.77,0,0
437,CASH_OUT,8345.58,11006.33,2660.75,13594.66,21940.239999999998,0,0
23,TRANSFER,29190.92,92504.72,63313.8,36245.11,65436.03,0,0
565,CASH_OUT,49985.72,63164.35,13178.629999999997,191439.39,241425.11000000002,0,0
677,CASH_OUT,7611.02,5439.07,0.0,178027.61,185638.62999999998,0,0
714,CASH_OUT,40856.17,64425.67,23569.5,130455.02,171311.19,0,0
458,CASH_OUT,10444.72,97424.77,86980.05,91928.92,102373.64,0,0
83,CASH_OUT,39141.18,6980.07,0.0,135152.26,174293.44,1,0
145,CASH_OUT,36755.44,55468.77,18713.329999999994,123722.06,160477.5,0,0
85,TRANSFER,15094.42,74779.43,59685.009999999995,113710.45,128804.87,0,0
78,TRANSFER,16358.57,81025.86,64667.29,11835.41,28193.98,0,0
457,TRANSFER,39646.82,41382.75,1735.9300000000003,126560.52,166207.34,1,0
1,CASH_OUT,23126.13,20416.66,0.0,153784.01,176910.14,0,0
51,TRANSFER,36567.82,4234.23,0.0,198816.33,235384.15,1,0
685,CASH_OUT,7484.41,57972.62,50488.21000000001,2215.71,9700.119999999999,0,0
717,CASH_OUT,42642.63,45291.11,2648.480000000003,146034.69,188677.32,1,0
446,CASH_OUT,35573.15,94874.44,59301.29,114357.86,149931.01,0,0
449,TRANSFER,45356.45,6060.49,0.0,86810.44,132166.89,1,0
488,TRANSFER,6705.38,68539.53,61834.15,25514.03,32219.41,0,0
34,TRANSFER,29691.42,2496.62,0.0,81817.03,111508.45,1,0
348,CASH_OUT,29996.12,17143.42,0.0,70875.44,100871.56,1,0
95,CASH_OUT,17737.69,45357.9,27620.210000000003,60565.98,78303.67,0,1
72,CASH_OUT,22977.47,45487.24,22509.769999999997,146175.92,169153.39,0,0
551,TRANSFER,1995.28,68570.05,66574.77,140145.1,142140.38,0,0
154,CASH_OUT,37318.42,91021.3,53702.880000000005,117804.02,155122.44,0,0
250,CASH_OUT,27511.19,63903.22,36392.03,187732.96,215244.15,0,0
674,TRANSFER,2981.28,95353.51,92372.23,69970.88,72952.16,0,0
438,CASH_OUT,34069.72,88161.56,54091.84,48760.39,82830.11,0,0
118,TRANSFER,23392.43,58449.98,35057.55,131180.66,154573.09,0,0
306,TRANSFER,1819.62,83379.2,81559.58,39762.81,41582.43,0,0
268,CASH_OUT,48483.43,64257.76,15774.330000000002,63002.1,111485.53,0,1
54,TRANSFER,47460.7,7855.78,0.0,44920.49,92381.19,1,0
236,CASH_OUT,25693.83,74056.47,48362.64,13830.71,39524.54,0,0
389,CASH_OUT,4774.25,9490.84,4716.59,165499.75,170274.0,0,0
734,TRANSFER,37755.6,59408.28,21652.68,50908.11,88663.70999999999,0,0
401,TRANSFER,24647.36,70264.02,45616.66,94605.5,119252.86,0,0
624,TRANSFER,15192.13,6652.76,0.0,8663.05,23855.18,0,0
303,TRANSFER,24621.77,23079.47,0.0,139867.89,164489.66,0,0
207,TRANSFER,26169.96,91567.22,65397.26,66112.2,92282.16,0,0
229,TRANSFER,28179.31,61631.45,33452.14,148947.35,177126.66,0,0
578,TRANSFER,22117.06,24628.6,2511.5399999999972,82480.61,104597.67,0,0
75,TRANSFER,30327.19,69067.98,38740.78999999999,39151.12,69478.31,0,0
435,TRANSFER,45944.86,59677.64,13732.779999999999,102635.02,148579.88,0,0
103,CASH_OUT,18177.18,50157.57,31980.39,26100.91,44278.09,0,0
422,CASH_OUT,36313.25,97618.7,61305.45,88107.83,124421.08,0,0
704,TRANSFER,44733.18,68345.38,23612.200000000004,63461.1,108194.28,0,0
738,TRANSFER,22853.37,37544.11,14690.740000000002,182391.92,205245.29,0,0
306,CASH_OUT,22228.45,80007.34,57778.89,12185.74,34414.19,0,0
98,CASH_OUT,30145.64,88458.33,58312.69,138803.48,168949.12,0,0
335,CASH_OUT,29611.2,12522.06,0.0,36550.23,66161.43000000001,1,0
435,CASH_OUT,40348.81,20055.3,0.0,63809.01,104157.82,1,0
447,TRANSFER,23876.52,21622.7,0.0,83102.81,106979.33,0,0
308,TRANSFER,49806.54,69121.18,19314.639999999992,181603.02,231409.56,0,0
249,TRANSFER,3067.63,60303.96,57236.33,48515.65,51583.28,0,0
166,TRANSFER,258.08,61899.16,61641.08,18261.76,18519.84,0,0
481,TRANSFER,32045.9,94077.33,62031.43,63737.92,95783.82,0,0
335,TRANSFER,14991.9,77591.15,62599.24999999999,20935.19,35927.09,0,0
542,TRANSFER,12095.08,12793.69,698.6100000000006,25719.3,37814.38,0,0
106,CASH_OUT,15663.76,34750.71,19086.949999999997,114770.12,130433.87999999999,0,0
563,CASH_OUT,12876.77,43539.36,30662.59,12180.39,25057.16,0,0
81,TRANSFER,1636.42,39596.16,37959.740000000005,6186.18,7822.6,0,0
133,CASH_OUT,48579.5,66930.86,18351.36,142882.82,191462.32,0,0
138,TRANSFER,11115.2,89189.31,78074.11,72329.42,83444.62,0,0
184,CASH_OUT,36728.09,30605.15,0.0,25075.07,61803.159999999996,1,0
401,TRANSFER,38153.56,55187.71,17034.15,50722.55,88876.11,0,0
330,CASH_OUT,46469.94,78940.94,32471.0,128417.3,174887.24,0,0
508,CASH_OUT,1624.42,41621.81,39997.39,55107.31,56731.729999999996,0,0
69,TRANSFER,43615.21,16811.81,0.0,98904.23,142519.44,1,0
546,TRANSFER,26408.59,47495.1,21086.51,24339.06,50747.65,0,0
53,TRANSFER,31663.95,5522.25,0.0,117618.73,149282.68,1,0
450,TRANSFER,32259.07,94238.35,61979.280000000006,63215.54,95474.61,0,0
205,TRANSFER,41007.91,7482.12,0.0,125393.69,166401.6,1,0
126,CASH_OUT,16737.03,43845.67,27108.64,161678.98,178416.01,0,0
43,TRANSFER,36679.25,52988.13,16308.879999999997,122329.28,159008.53,0,0
111,CASH_OUT,26476.05,98530.38,72054.33,59149.51,85625.56,0,0
663,CASH_OUT,39690.36,16602.18,0.0,51148.74,90839.1,1,0
183,TRANSFER,49528.25,11443.15,0.0,65484.19,115012.44,1,0
95,TRANSFER,10112.49,870.61,0.0,32924.1,43036.59,0,0
374,TRANSFER,49732.97,15557.14,0.0,36234.37,85967.34,1,0
520,CASH_OUT,4581.63,20727.3,16145.669999999998,158138.22,162719.85,0,0
360,TRANSFER,215.65,63058.09,62842.439999999995,76946.52,77162.17,0,1
696,CASH_OUT,2303.68,21970.68,19667.0,87199.04,89502.71999999999,0,0
281,CASH_OUT,17154.94,2052.08,0.0,118809.89,135964.83,1,0
195,TRANSFER,31682.03,82661.83,50979.8,117930.7,149612.72999999998,0,0
195,TRANSFER,3544.57,36559.57,33015.0,13475.37,17019.940000000002,0,0
667,CASH_OUT,382.72,35369.67,34986.95,166308.16,166690.88,0,0
93,CASH_OUT,46860.84,30247.9,0.0,35465.31,82326.15,1,0
672,TRANSFER,41114.14,97537.33,56423.19,144614.33,185728.46999999997,0,0
61,TRANSFER,40478.24,17011.54,0.0,154534.2,195012.44,1,0
634,CASH_OUT,44232.77,89823.81,45591.04,142979.91,187212.68,0,0
51,TRANSFER,35031.71,77680.33,42648.62,115795.53,150827.24,0,0
403,CASH_OUT,5309.77,7648.0,2338.2299999999996,2921.8,8231.57,0,0
5,TRANSFER,20015.1,98672.91,78657.81,72075.1,92090.20000000001,0,0
466,TRANSFER,36185.16,27136.6,0.0,120967.89,157153.05,1,0
604,CASH_OUT,14088.69,9858.29,0.0,77490.26,91578.95,0,0
682,TRANSFER,34401.58,82931.42,48529.84,172695.98,207097.56,0,0
534,TRANSFER,1322.47,70667.55,69345.08,61760.46,63082.93,0,0
405,TRANSFER,15376.25,61721.88,46345.63,58706.96,74083.20999999999,0,0
513,TRANSFER,27501.6,15598.09,0.0,53199.54,80701.14,1,0
645,CASH_OUT,31641.28,47849.61,16208.330000000002,66556.17,98197.45,0,0
233,TRANSFER,28894.33,78055.6,49161.270000000004,111480.99,140375.32,0,0
524,TRANSFER,34918.04,30362.39,0.0,141403.06,176321.1,1,0
346,CASH_OUT,403.83,31168.98,30765.149999999998,132513.58,132917.40999999997,0,0
46,CASH_OUT,5136.97,314.09,0.0,161543.56,166680.53,0,0
546,TRANSFER,43460.32,17424.34,0.0,177182.8,220643.12,1,0
78,TRANSFER,34119.26,87540.56,53421.299999999996,163215.81,197335.07,0,0
730,CASH_OUT,5735.29,44174.65,38439.36,3789.08,9524.369999999999,0,0
73,CASH_OUT,42119.51,98423.45,56303.939999999995,147183.59,189303.1,0,0
249,TRANSFER,12187.34,39570.8,27383.460000000003,41679.91,53867.25,0,0
47,TRANSFER,23965.17,71518.65,47553.479999999996,26585.61,50550.78,0,0
121,TRANSFER,7345.31,28191.9,20846.59,127697.76,135043.07,0,0
214,CASH_OUT,35534.49,36380.96,846.4700000000012,63948.64,99483.13,1,0
239,CASH_OUT,33376.04,19072.6,0.0,11423.43,44799.47,1,0
56,CASH_OUT,10634.51,34706.24,24071.729999999996,27525.95,38160.46,0,1
350,CASH_OUT,43183.7,54723.75,11540.050000000003,185.88,43369.579999999994,0,0
107,CASH_OUT,20125.17,99177.29,79052.12,180644.73,200769.90000000002,0,0
48,TRANSFER,14696.5,66420.17,51723.67,4923.6,19620.1,0,0
573,TRANSFER,7701.25,19924.6,12223.349999999999,41891.15,49592.4,0,0
337,TRANSFER,13381.78,4496.14,0.0,83252.56,96634.34,0,0
26,TRANSFER,1199.14,12635.65,11436.51,71314.27,72513.41,0,0
257,CASH_OUT,29204.55,56255.52,27050.969999999998,182345.18,211549.72999999998,0,0
8,TRANSFER,42127.31,76516.03,34388.72,8057.79,50185.1,0,0
625,TRANSFER,27494.12,94041.92,66547.8,102442.94,129937.06,0,0
253,TRANSFER,11041.77,1582.32,0.0,136095.89,147137.66,0,0
692,TRANSFER,1780.09,52276.01,50495.920000000006,186339.59,188119.68,0,0
719,TRANSFER,10809.94,47086.74,36276.799999999996,124074.25,134884.19,0,0
303,TRANSFER,20864.46,65605.5,44741.04,160751.05,181615.50999999998,0,0
639,CASH_OUT,38004.61,55957.89,17953.28,16744.99,54749.600000000006,0,0
56,TRANSFER,9473.36,68703.92,59230.56,77187.9,86661.26,0,0
726,CASH_OUT,36017.59,65808.26,29790.67,74789.43,110807.01999999999,0,0
526,TRANSFER,43359.98,11701.17,0.0,177257.64,220617.62000000002,1,0
474,TRANSFER,22751.95,79971.79,57219.84,30274.23,53026.18,0,0
28,TRANSFER,41089.46,12323.26,0.0,30377.23,71466.69,1,0
78,TRANSFER,27777.4,69853.06,42075.659999999996,65711.63,93489.03,0,0
216,CASH_OUT,31890.83,41614.54,9723.71,10893.21,42784.04,0,0
386,TRANSFER,26361.3,51385.07,25023.77,36491.61,62852.91,0,0
365,TRANSFER,23212.32,90329.8,67117.48000000001,193041.93,216254.25,0,0
666,CASH_OUT,11809.21,88988.37,77179.16,85636.79,97446.0,0,0
526,TRANSFER,15229.38,81785.63,66556.25,126403.84,141633.22,0,0
699,TRANSFER,14569.51,51014.84,36445.329999999994,145222.25,159791.76,0,0
312,CASH_OUT,28208.12,73623.98,45415.86,73392.28,101600.4,0,0
7,CASH_OUT,6085.69,51289.71,45204.02,29445.41,35531.1,0,0
3,TRANSFER,45847.91,86960.61,41112.7,41316.2,87164.11,0,1
623,CASH_OUT,36060.69,40277.58,4216.889999999999,62653.3,98713.99,1,0
363,CASH_OUT,20132.14,97023.53,76891.39,127213.68,147345.82,0,0
508,TRANSFER,8015.34,93232.28,85216.94,79656.11,87671.45,0,0
274,CASH_OUT,44111.41,74160.26,30048.84999999999,1362.94,45474.350000000006,0,0
506,TRANSFER,41206.53,27941.59,0.0,104681.44,145887.97,1,0
739,TRANSFER,36113.91,13165.36,0.0,184302.68,220416.59,1,0
15,TRANSFER,13650.2,85470.35,71820.15000000001,162415.52,176065.72,0,0
192,TRANSFER,20182.09,16530.23,0.0,165042.27,185224.36,0,0
631,CASH_OUT,5227.14,85426.08,80198.94,159011.6,164238.74000000002,0,0
485,TRANSFER,9533.07,49076.5,39543.43,64746.17,74279.23999999999,0,0
28,CASH_OUT,39172.53,40655.68,1483.1500000000015,153038.77,192211.3,1,0
714,CASH_OUT,35780.43,90319.08,54538.65,28632.27,64412.7,0,0
39,TRANSFER,29714.94,60385.1,30670.16,131543.23,161258.17,0,1
273,CASH_OUT,44796.76,57661.4,12864.64,128313.71,173110.47,0,1
231,TRANSFER,29205.0,55876.59,26671.589999999997,5113.96,34318.96,0,0
86,TRANSFER,23401.7,37116.95,13715.249999999996,157594.03,180995.73,0,0
474,CASH_OUT,17084.5,78564.31,61479.81,180649.62,197734.12,0,0
126,TRANSFER,47028.38,25279.84,0.0,53483.06,100511.44,1,0
537,TRANSFER,4227.5,93889.5,89662.0,162478.14,166705.64,0,0
145,TRANSFER,46551.28,89398.52,42847.240000000005,16481.19,63032.47,0,0
525,TRANSFER,41353.06,33748.03,0.0,119993.57,161346.63,1,0
212,TRANSFER,6583.5,72946.38,66362.88,97129.37,103712.87,0,0
25,TRANSFER,28292.72,57322.32,29029.6,109184.71,137477.43,0,0
580,CASH_OUT,43340.74,33764.93,0.0,185241.04,228581.78,1,0
394,TRANSFER,28633.28,98852.16,70218.88,174263.05,202896.33,0,0
67,TRANSFER,45369.27,2523.73,0.0,157016.73,202386.0,1,0
233,TRANSFER,47154.89,25264.6,0.0,54739.69,101894.58,1,0
109,TRANSFER,21176.99,52007.41,30830.420000000002,182363.73,203540.72,0,0
146,CASH_OUT,18927.95,52195.3,33267.350000000006,19501.54,38429.490000000005,0,0
111,CASH_OUT,46822.43,58893.31,12070.879999999997,170665.84,217488.27,0,0
228,CASH_OUT,33789.49,75167.62,41378.13,65632.01,99421.5,0,0
111,TRANSFER,5889.53,62347.78,56458.25,10754.46,16643.989999999998,0,0
470,TRANSFER,2210.36,60028.15,57817.79,133871.4,136081.75999999998,0,0
34,TRANSFER,28274.99,5351.45,0.0,46255.99,74530.98,1,0
623,CASH_OUT,46515.53,37653.03,0.0,48714.23,95229.76000000001,1,0
369,TRANSFER,42228.01,23205.57,0.0,61209.43,103437.44,1,0
595,TRANSFER,33824.8,26537.01,0.0,12736.95,46561.75,1,0
554,CASH_OUT,7041.88,55433.75,48391.87,35425.43,42467.31,0,0
425,TRANSFER,12786.15,19950.53,7164.379999999999,1027.93,13814.08,0,0
613,TRANSFER,43788.01,29394.91,0.0,89081.9,132869.91,1,0
518,TRANSFER,9222.08,23708.47,14486.390000000001,16851.08,26073.160000000003,0,0
692,CASH_OUT,13994.13,94850.29,80856.15999999999,136530.52,150524.65,0,0
282,TRANSFER,6567.07,94466.57,87899.5,47124.57,53691.64,0,0
320,CASH_OUT,33837.8,60994.16,27156.36,188714.83,222552.63,0,0
738,CASH_OUT,47204.72,92452.25,45247.53,174250.33,221455.05,0,0
443,TRANSFER,13521.5,78581.26,65059.759999999995,57888.18,71409.68,0,0
315,CASH_OUT,23822.79,58994.79,35172.0,156643.09,180465.88,0,1
741,TRANSFER,31753.55,643.52,0.0,160648.98,192402.53,1,0
377,TRANSFER,49973.37,77251.63,27278.260000000002,197312.62,247285.99,0,0
289,CASH_OUT,5329.92,70248.83,64918.91,119568.0,124897.92,0,1
437,CASH_OUT,24978.68,61525.37,36546.69,16393.15,41371.83,0,0
662,CASH_OUT,19317.49,76042.43,56724.93999999999,129367.45,148684.94,0,0
277,TRANSFER,43304.43,51292.22,7987.790000000001,124995.95,168300.38,1,0
710,TRANSFER,23850.79,70408.33,46557.54,127670.12,151520.91,0,0
582,TRANSFER,5637.78,93517.21,87879.43000000001,61429.13,67066.91,0,0
503,TRANSFER,31757.76,37580.5,5822.740000000002,171935.92,203693.68000000002,1,0
624,TRANSFER,38561.95,70812.18,32250.229999999996,191894.44,230456.39,0,0
516,TRANSFER,243.77,47568.78,47325.01,43542.5,43786.27,0,0
350,TRANSFER,42961.94,67439.97,24478.03,17630.43,60592.37,0,0
446,TRANSFER,9382.55,76289.33,66906.78,38907.01,48289.56,0,0
350,TRANSFER,27648.26,4545.25,0.0,164110.43,191758.69,1,0
607,TRANSFER,20848.3,64660.04,43811.740000000005,135328.93,156177.22999999998,0,0
664,CASH_OUT,36010.73,22674.12,0.0,127209.47,163220.2,1,0
137,TRANSFER,18620.96,67003.25,48382.29,80358.63,98979.59,0,0
243,CASH_OUT,43501.18,46833.02,3331.8399999999965,115565.59,159066.77,1,0
543,CASH_OUT,36551.77,77355.27,40803.50000000001,61574.83,98126.6,0,0
40,TRANSFER,32420.89,12340.08,0.0,95440.02,127860.91,1,0
229,CASH_OUT,39832.41,62632.24,22799.829999999994,158612.61,198445.02,0,0
548,TRANSFER,37725.75,27847.07,0.0,196248.32,233974.07,1,0
223,TRANSFER,1893.34,85298.2,83404.86,186497.78,188391.12,0,0
6,TRANSFER,19797.24,92838.35,73041.11,186773.19,206570.43,0,0
322,TRANSFER,46547.28,99639.83,53092.55,80444.75,126992.03,0,0
468,TRANSFER,6373.64,79600.74,73227.1,93757.98,100131.62,0,0
732,TRANSFER,36881.12,75373.41,38492.29,141127.08,178008.19999999998,0,0
75,CASH_OUT,48732.13,21550.08,0.0,184438.39,233170.52000000002,1,0
4,CASH_OUT,2704.71,33600.71,30896.0,28398.85,31103.559999999998,0,0
646,TRANSFER,34141.47,46568.25,12426.779999999999,60848.37,94989.84,0,0
118,CASH_OUT,23460.89,77338.1,53877.21000000001,27849.37,51310.259999999995,0,0
606,TRANSFER,29000.85,91496.59,62495.74,122401.71,151402.56,0,0
504,TRANSFER,4358.53,18913.91,14555.380000000001,61260.2,65618.73,0,0
574,CASH_OUT,2246.05,92236.75,89990.7,65221.57,67467.62,0,0
441,TRANSFER,33376.65,69562.47,36185.82,14183.19,47559.840000000004,0,0
194,TRANSFER,41183.14,61077.07,19893.93,69959.21,111142.35,0,0
715,TRANSFER,39122.57,19984.13,0.0,172499.3,211621.87,1,0
392,TRANSFER,27235.91,5552.5,0.0,46614.56,73850.47,1,0
26,CASH_OUT,5083.35,56846.49,51763.14,139037.49,144120.84,0,0
435,TRANSFER,34433.42,65151.57,30718.15,125925.67,160359.09,0,0
173,CASH_OUT,12170.26,21078.14,8907.88,172696.92,184867.18000000002,0,0
300,TRANSFER,45562.33,55645.62,10083.29,26457.59,72019.92,1,0
645,TRANSFER,41929.44,85649.34,43719.899999999994,195517.99,237447.43,0,0
326,TRANSFER,35498.21,83506.59,48008.38,116525.73,152023.94,0,1
410,CASH_OUT,47447.41,92735.52,45288.11,199094.83,246542.24,0,0
118,TRANSFER,1667.95,36588.58,34920.630000000005,182302.95,183970.90000000002,0,0
724,CASH_OUT,36836.4,31804.96,0.0,44303.45,81139.85,1,0
225,CASH_OUT,16579.11,74942.6,58363.490000000005,11232.4,27811.510000000002,0,0
532,TRANSFER,45312.69,43111.24,0.0,51127.82,96440.51000000001,1,0
113,CASH_OUT,13407.09,8754.87,0.0,105512.73,118919.81999999999,0,0
140,CASH_OUT,36270.34,28280.11,0.0,34319.27,70589.60999999999,1,0
559,CASH_OUT,43894.59,41858.23,0.0,33491.95,77386.54,1,0
